,train,val,test
0,TCGA-04-1331-01A-01-TS1.76f57a19-5698-4204-bb11-7b6a106d620a,TCGA-04-1332-01A-01-BS1.0f52bd8b-65e8-4648-b6b8-05ddc60f143a,TCGA-04-1343-01A-01-BS1.ffc80a0b-db70-456c-8e52-4f59b621a8be
1,TCGA-04-1331-01A-01-BS1.27aaf831-a80b-4a55-a239-3a24caca9c28,TCGA-04-1332-01A-01-TS1.7d1ae336-5e74-4d12-9048-04d036f8c676,TCGA-04-1343-01A-01-TS1.75e55c68-3906-434a-8f27-6e0592e859ba
2,TCGA-04-1338-01A-01-BS1.7f2ab5c1-f165-468c-a413-b45b4059bb6f,TCGA-04-1356-01A-01-TS1.1874f2aa-ad0f-47e3-8e23-367b0d246260,TCGA-04-1361-01A-01-BS1.b4e0df05-3e78-4414-9430-b4d97a09befb
3,TCGA-04-1338-01A-01-TS1.33f6254c-7df6-4570-b2df-1dde268a9d64,TCGA-04-1356-01A-01-BS1.5269e379-7422-4dfd-87fe-65f585209d21,TCGA-04-1361-01A-01-TS1.58eecb9c-dfa5-450a-8057-4545340dc5ac
4,TCGA-04-1341-01A-01-TS1.c8420eb8-4f42-4b9a-a00e-2e18e43303f8,TCGA-04-1365-01A-01-BS1.e731bd77-daff-44b7-a5cb-19858abb6293,TCGA-04-1514-01A-01-BS1.e6ce9cf7-7fb0-4dd2-a322-a84becdb2bdc
5,TCGA-04-1341-01A-01-BS1.85fe6a7e-fd57-4f26-a84e-f1688df637b3,TCGA-04-1365-01A-01-TS1.136edbd4-a232-411e-9795-7ab0bd785b14,TCGA-04-1514-01A-01-TS1.0a727057-86e2-47b9-be79-eeec6e07542b
6,TCGA-04-1347-01A-01-BS1.f281f888-c433-4fa6-8957-3ace3e9e4f6c,TCGA-04-1530-01A-01-BS1.8cb941db-9ee8-49cc-b0c2-211af61b347e,TCGA-04-1542-01A-01-TS1.962fd94a-59f6-49c3-8354-79631e5e19f8
7,TCGA-04-1347-01A-01-TS1.c1c1b478-dc0f-4680-955b-2a40aeece34f,TCGA-04-1530-01A-02-BS2.c78fa438-630d-4e54-bd7e-e914836f66bb,TCGA-04-1542-01A-01-BS1.ab989ce3-156d-40d7-96ff-88a9f77206d2
8,TCGA-04-1350-01A-01-TS1.0013c195-a6a5-45d3-8d87-1025e5a8f258,TCGA-04-1651-01A-01-TS1.246daec2-ff44-40f4-a856-89da1f342016,TCGA-09-1665-01B-01-BS1.5a6cb79c-8270-4d29-89f5-ccf0a2192634
9,TCGA-04-1350-01A-01-BS1.5c94303e-4b9a-48d9-8e64-2541eade8a6b,TCGA-04-1651-01A-01-BS1.62199560-a607-40f5-b030-80a174c8125e,TCGA-09-1665-01B-01-TS1.34964afd-a82c-411c-9e7e-c3cffa29f204
10,TCGA-04-1357-01A-01-TS1.82ac1e1c-e4a7-4ff9-ab5b-bbf3cbe9ba1f,TCGA-10-0931-01A-01-BS1.0d63b5df-9fa6-4bdf-bd67-69e60e710137,TCGA-09-2054-01A-01-TS1.ca88b75f-1c48-4cce-84e9-97e78412a275
11,TCGA-04-1357-01A-01-BS1.96386ac1-65c6-413e-8c0e-f3ede77e195d,TCGA-10-0931-01A-01-TS1.f6dbb223-2348-40fe-8da2-e93c3071d823,TCGA-09-2054-01A-01-BS1.e68f41e6-572a-40f8-9263-cfdd4fe62e8a
12,TCGA-04-1362-01A-01-BS1.852e1e87-7168-4688-9188-4de1d318423e,TCGA-13-0726-01A-01-BS1.a58bbed2-b315-4182-8965-023c55e37725,TCGA-13-0720-01A-01-TS1.c541bfd4-c049-4fad-ae6d-efc62810bd60
13,TCGA-04-1362-01A-01-TS1.4ebe1dd9-f87e-4fbc-bcba-25cf3d39d737,TCGA-13-0726-01A-01-TS1.2a8707fc-2d7b-459a-9707-96c5b4e11f43,TCGA-13-0720-01A-01-BS1.4e8d3836-a57b-4629-93ae-36e54976447d
14,TCGA-04-1364-01A-01-BS1.d155a2aa-3dd7-4418-9c71-d6529df0f381,TCGA-13-0795-01A-01-TS1.715a85bd-eb61-468f-8e17-dc8088b4af18,TCGA-13-0762-01A-01-BS1.6f3b37f7-9bef-4866-bb07-dbb60257d37c
15,TCGA-04-1364-01A-01-TS1.9fef64ee-6549-4b5b-a306-401d62d57d92,TCGA-13-0795-01A-01-BS1.2f633977-70d5-4b3b-878e-64cef7142c05,TCGA-13-0762-01A-01-TS1.6e3dc8cb-c3cf-4b6c-a27c-7a692b97ee22
16,TCGA-04-1519-01A-01-BS1.5b6f7391-88ee-44bc-acf6-076d34d8fa53,TCGA-13-1488-01A-01-TS1.3972462a-d30c-473e-a62b-dae7de1ef2bd,TCGA-13-0804-01A-01-TS1.b9fae803-f9dd-47ee-8417-3f7af1bbf123
17,TCGA-04-1519-01A-01-TS1.46c38c26-c736-4338-8989-5442872dd89b,TCGA-13-1488-01A-01-BS1.783d5d20-6ac1-4777-9bf8-dc82d203c7d6,TCGA-13-0804-01A-01-BS1.bc23d958-ae94-4d3f-ad5c-2a42dbc98154
18,TCGA-04-1536-01A-01-TS1.08041de2-b6e7-434e-af1a-d616e2e6bf36,TCGA-20-0987-01A-01-BS1.5bd6ee19-dc60-48ab-bdb1-b28ed0c70f4c,TCGA-13-0900-01B-01-TS1.bd003171-83a0-4ad5-a012-58abfa9d00de
19,TCGA-04-1536-01A-01-BS1.269c835e-ebb2-4a0b-a428-8eacb2774937,TCGA-20-0987-01A-02-BS2.580a22f9-d1d6-4638-bde8-e2ca93062bf1,TCGA-13-0900-01B-01-BS1.a7ab33bd-827e-4ab7-b7c5-7163a3518e93
20,TCGA-04-1648-01A-01-TS1.c9581bd1-0449-4188-b93e-911c77a3f3ea,TCGA-23-1028-01A-01-TS1.56dde40f-224a-49a7-a24c-9fc8b44e0a66,TCGA-13-0905-01B-01-TS1.375bb21d-bdbb-43d2-81f7-2c63c90229fd
21,TCGA-04-1648-01A-01-BS1.6cecc6c4-6af7-4db1-85c1-e9f88751d7a3,TCGA-23-1028-01A-01-BS1.94323365-fde7-4d57-a4c7-0f6ded12fa41,TCGA-13-0905-01B-01-BS1.bff74514-98ec-4d1e-88af-a00aeabd9686
22,TCGA-04-1655-01A-01-TS1.41e4592c-b94d-4f45-bd36-911bf75248bc,TCGA-23-1113-01A-01-BS1.2458fccf-526c-4639-84fa-54061bcc3cd5,TCGA-13-1405-01A-01-TS1.97fd5c92-85f1-4cb2-9ed6-289072e137bb
23,TCGA-04-1655-01A-01-BS1.55f36120-46fb-4c88-b137-81798b011a9f,TCGA-23-1113-01A-01-TS1.57c411b9-9c95-4c31-a3b5-110683e0e020,TCGA-13-1405-01A-01-BS1.75a754e9-5c31-4b53-b8a9-fe6deec738ab
24,TCGA-09-0364-01A-02-BS2.cc970d57-686a-4e49-b83b-b1b4c6b70410,TCGA-23-1809-01A-01-TS1.ee5e78ba-2887-4eab-ad57-edb5efb61942,TCGA-13-1410-01A-01-BS1.dda5a121-c1dc-4163-a746-af90d53948a8
25,TCGA-09-0364-01A-01-BS1.1546ea7d-1678-4910-a51e-2a1a41a96fc7,TCGA-23-1809-01A-01-BS1.ae9b5dd9-e156-4990-b851-7a63b4f39e60,TCGA-13-1410-01A-01-TS1.d9211bc5-759c-42ad-acbd-a0dc7798d272
26,TCGA-09-0366-01A-01-TS1.8221da81-0e4d-48fd-a814-123e49fdb0b5,TCGA-24-1417-01A-01-BS1.23ab8e32-3bc0-43ec-8434-3a1fb7f54ffc,TCGA-13-1487-01A-01-TS1.b14479d4-1994-4b5b-9d2e-ef20b92f57a5
27,TCGA-09-0366-01A-01-BS1.1a24dcff-2bd0-430f-9b17-d2487425878d,TCGA-24-1417-01A-01-TS1.a1bfa913-5f8b-4f4c-8379-0edee9daad87,TCGA-13-1487-01A-01-BS1.a695ac28-7c81-420e-9940-f4cc99483200
28,TCGA-09-0367-01A-01-TS1.e8d46b30-6655-4c5b-9354-0a193e9467b9,TCGA-24-1467-01A-01-TS1.8d52fd5c-4233-4756-9250-e1e9da4cd119,TCGA-13-1505-01A-01-TS1.8eca8e28-c530-40b1-840b-2c50c23758fa
29,TCGA-09-0367-01A-01-BS1.03399067-8b76-4a57-aa39-ba0a642ebe2c,TCGA-24-1467-01A-01-BS1.2a7d2b3c-a015-48eb-9ca7-da9e52c29a19,TCGA-13-1505-01A-01-BS1.77c5a936-fbd0-44ea-bdca-a1756f1edff1
30,TCGA-09-0369-01A-01-BS1.98dcd946-275e-4aab-ba34-62443d4dfc1c,TCGA-24-1842-01A-01-BS1.9934e7e4-d1e5-4f32-ae50-d290ef1c52eb,TCGA-23-1109-01A-01-BS1.36198b33-5879-4991-91b7-f5b6621f8f6d
31,TCGA-09-0369-01A-01-TS1.a1c0652a-fca9-4ae7-8df7-a7e37d1c9d7d,TCGA-24-1842-01A-01-TS1.5d87953b-1468-4ca3-b2ce-035d657d7044,TCGA-23-1109-01A-01-TS1.97b03fed-53f2-4f0d-92f8-bd428a8727c9
32,TCGA-09-1659-01B-01-TS1.8a082fbd-7649-4b19-8cb6-24f30dc4b2ba,TCGA-24-1930-01A-01-BS1.0e6935ab-52a7-41ec-b55a-af0ffd17022c,TCGA-23-1118-01A-01-BS1.8d624207-a194-492d-b84f-da0a617d2fc2
33,TCGA-09-1659-01B-01-BS1.e8c4fbf1-6540-4e8e-b163-58d009066a2e,TCGA-24-1930-01A-01-TS1.bb8a446a-db5c-45a5-b5f3-0e7f84a60370,TCGA-23-1118-01A-01-TS1.fbcfe18d-548d-4c26-8ed8-c13545b48e49
34,TCGA-09-1661-01B-01-BS1.0f6d83b1-1a23-4b61-b9c7-6b73071f3d24,TCGA-24-2036-01A-01-BS1.b5e4a123-5f0d-459a-9ab3-7ba94d6f7244,TCGA-23-2084-01A-02-BS2.8ea25871-38c9-45a4-b7ac-ec3095f2b9ae
35,TCGA-09-1661-01B-01-TS1.54e51666-b7bb-4bc7-b043-1ce3f71a0d85,TCGA-24-2036-01A-01-TS1.a09a994b-2da2-4b47-a479-2ac663d0fa9f,TCGA-23-2084-01A-01-BS1.55a32aa7-50fb-4a0a-ac8a-6c62173174ab
36,TCGA-09-1662-01A-01-BS1.47ad6cd0-c2f1-4aae-aa2a-ff9dae3583db,TCGA-24-2038-01A-01-TS1.a774211b-82e3-4362-a5bd-7a7f8367fc3a,TCGA-24-1431-01A-01-TS1.56af0d60-12ff-42cd-bf25-1a6e1282bf6e
37,TCGA-09-1662-01A-01-TS1.991a3778-5f86-4d75-93d3-93b24310153c,TCGA-24-2038-01A-01-BS1.bfb2b2d1-9854-418f-b254-834554b1f0aa,TCGA-24-1431-01A-01-BS1.cd2b0ba2-18ee-45d6-9b65-28574f20525c
38,TCGA-09-1666-01A-01-TS1.0176ba08-e81b-4392-b6ae-2be1aac6b1f4,TCGA-24-2288-01A-01-TS1.553695fa-d194-441a-a0b8-05528b9ccb12,TCGA-24-1546-01A-01-BS1.5c73ae2f-2e1b-4666-a9cb-c02eddcd874d
39,TCGA-09-1666-01A-01-BS1.da8d3b7c-3945-4281-8907-19a24dd29f68,TCGA-24-2288-01A-01-BS1.a45d4cd8-d5c7-4d1c-9911-335e306097da,TCGA-24-1546-01A-01-TS1.fce4f2d8-a91c-4dd0-a99a-b75361492286
40,TCGA-09-1667-01C-01-BS1.162cb788-9ff3-4ebb-a5e3-8e476026a4db,TCGA-24-2297-01A-01-TS1.ef97e135-54be-4846-9f87-c9fe3ab2ddf4,TCGA-24-1550-01A-01-BS1.d3dfc107-2dd1-412c-9649-239b2f3d9970
41,TCGA-09-1667-01C-01-TS1.0a437844-e107-4238-9bf7-3200ff7da548,TCGA-24-2297-01A-01-BS1.7addcb34-e944-4d8d-84e7-03fb2c107745,TCGA-24-1550-01A-01-TS1.3c468906-1fe3-4438-af83-46db12f8a8cc
42,TCGA-09-1668-01B-01-BS1.299ef5ea-edf2-4a0e-81b2-b8c28d985121,TCGA-25-1877-01A-01-TS1.5ee23474-2d31-4fb3-b0cd-5c105aa8e6d9,TCGA-24-1558-01A-01-BS1.64a012b1-90d0-4df7-8b7b-9c3f0ca584b9
43,TCGA-09-1668-01B-01-TS1.a922c1f1-847e-4396-b785-63799e47fc94,TCGA-25-1877-01A-01-BS1.244e6637-9bcf-4aea-ac10-8564d480884a,TCGA-24-1558-01A-01-TS1.88c2fa99-388d-4924-93a4-44e541bfc064
44,TCGA-09-1669-01A-01-TS1.389e7206-51cf-433f-937e-dab344cbc88a,TCGA-25-2042-01A-01-TS1.a7d0928a-7742-4678-8183-b9f192787900,TCGA-24-1562-01A-01-BS1.7a3a55d0-2158-442e-a14c-89627c590101
45,TCGA-09-1669-01A-01-BS1.f8a5a978-1bfe-40d2-849e-ac225005e7f2,TCGA-25-2042-01A-01-BS1.682d08f1-28cd-4f93-a65b-7d735574c7db,TCGA-24-1562-01A-01-TS1.f4b420b6-a2f3-4d03-96f4-a429c5d64b8d
46,TCGA-09-1670-01A-01-BS1.add0cb07-6946-4e37-ac37-5bf786c99bc8,TCGA-25-2392-01A-01-BS1.67d64f48-5192-4066-882d-a373ed1fb8f1,TCGA-24-1843-01A-01-BS1.67b22c44-f74a-4da1-b048-b733fa840f44
47,TCGA-09-1670-01A-01-TS1.e32f1bda-c2b1-4475-a544-b4cc03320371,TCGA-25-2392-01A-01-TS1.e2bc74f8-5f1e-480a-9daa-91508a8c7a80,TCGA-24-1843-01A-01-TS1.572a0abb-4f27-4520-982f-ef4fa9183652
48,TCGA-09-1673-01A-01-BS1.6984ccd0-0e27-4549-98fe-c8b864b7c087,TCGA-29-1694-01A-01-TS1.d9e65542-f4c3-4c27-96ae-1d8d3f48862b,TCGA-24-1847-01A-01-BS1.801bcc7d-3382-42fa-aff1-076ebcc5bdf4
49,TCGA-09-1673-01A-01-TS1.6c3902a7-444c-4d7d-97c2-4d1dd7c9e19c,TCGA-29-1694-01A-01-BS1.68cc12ec-6b18-48d1-bfda-6b45bafac0da,TCGA-24-1847-01A-01-TS1.feb1ba92-5e6b-473e-a1e3-b8660512a989
50,TCGA-09-2044-01B-01-TS1.e382e900-de5f-4cf6-87b9-afa4aebea4b4,TCGA-29-1697-01A-01-TS1.e1588d4d-264d-4973-9cf9-5ade9a3ff5ca,TCGA-24-1928-01A-01-BS1.909bd06c-69c4-4de3-a83f-8f84522e9594
51,TCGA-09-2044-01B-01-BS1.3ee9af83-dbc6-4c81-9732-2c174fb32946,TCGA-29-1697-01A-01-BS1.a93e70b2-87b6-41db-ba0d-f370e0abc3c9,TCGA-24-1928-01A-01-TS1.590660da-409a-4caf-891f-c804870b37ef
52,TCGA-09-2045-01A-01-BS1.0f965c79-cfe6-499e-98a9-a696bfe83f6f,TCGA-29-1776-01A-01-BS1.0b7528ff-07cf-4940-88be-d12a3191aaef,TCGA-24-2033-01A-01-BS1.c452734b-3ab3-4067-b7d3-fce4e584a18e
53,TCGA-09-2045-01A-01-TS1.0abe6ecb-c4ba-492f-939f-9dfa84b0af35,TCGA-29-1776-01A-01-TS1.03055f59-cdd6-4ca9-8418-1736106b21df,TCGA-24-2033-01A-01-TS1.88804778-148e-4bc9-9ea2-958f6e212d0c
54,TCGA-09-2048-01A-01-BS1.185260f3-68dc-4e18-993c-7ac8bab6fe3c,TCGA-29-2427-01A-01-BS1.18e2a214-81fd-424b-9df8-79f5cb01a124,TCGA-25-1326-01A-01-BS1.04f4d76d-fa58-4f40-97d0-c67616253bfb
55,TCGA-09-2048-01A-01-TS1.a6b08202-bed9-476e-8919-8a4300021f11,TCGA-29-2427-01A-01-TS1.9a2ec747-2714-4a3a-84a5-5d6855ee018f,TCGA-25-1326-01A-01-TS1.0fbff408-12f4-429e-9d63-c51e858c6971
56,TCGA-09-2051-01A-01-BS1.15f52287-f11d-4aff-baa0-407a7db6113f,TCGA-29-A5NZ-01A-01-TSA.F88DABEE-0B8B-4C80-990F-36467458EA03,TCGA-25-1623-01A-01-BS1.e305f292-cf49-4cc0-bd23-bc1399e95e4a
57,TCGA-09-2051-01A-01-TS1.09cb2b86-223c-4012-aea0-0fb939abfd46,TCGA-57-1582-01A-01-BS1.178eeee4-86e8-41f6-ac53-394a94d64ccf,TCGA-25-1623-01A-01-TS1.0fe7be03-c1ff-4faf-9c06-fc7a7c5060c4
58,TCGA-09-2053-01C-01-TS1.195c7a54-114f-4e7c-a4f6-d7283fc4704a,TCGA-57-1582-01A-01-TS1.9e678536-fc06-43d6-8e9b-82f6376eda8e,TCGA-25-1633-01A-01-BS1.8a63b727-ea03-48ea-9f9f-7cc786eea30b
59,TCGA-09-2053-01C-01-BS1.fd41b083-8281-4f38-8b5a-e9b7ee750d65,TCGA-57-1584-01A-01-TS1.b57410ca-d6e6-484d-96ad-5ed4d8294995,TCGA-25-1633-01A-01-TS1.f39839fc-b550-43e5-9f57-937cfdf32219
60,TCGA-09-2056-01B-01-BS1.209a5c45-ac0b-4411-9cb1-7ec50c5f37ff,TCGA-57-1584-01A-01-BS1.f3dcde68-506f-4250-909b-18833b596180,TCGA-29-1690-01A-01-TS1.760c759f-58f3-452d-a7a3-de166e8b1659
61,TCGA-09-2056-01B-01-TS1.c06a79f0-b3e3-4099-b892-3ac829ebb42d,TCGA-57-1994-01A-01-TS1.739ef125-4790-490d-bf6b-7e7fbe966335,TCGA-29-1690-01A-01-BS1.93d3d15e-ec2b-4359-ba33-8bc7e19384eb
62,TCGA-10-0927-01A-02-BS2.34116420-64e7-415c-bcf4-d6c5c7ba3e7c,TCGA-57-1994-01A-01-BS1.1c54ff54-4fce-4f01-b009-5c75dbbf525e,TCGA-29-1777-01A-01-TS1.ebda1d10-aaa2-453b-b650-7d7f128ee0a7
63,TCGA-10-0927-01A-01-BS1.9a7313d6-6b16-4e4f-b530-2a37dbc98170,TCGA-59-2352-01A-01-BS1.a137850c-18c0-48b5-91aa-dafec1feb1ff,TCGA-29-1777-01A-01-BS1.e18509e1-c5b0-4c84-b397-22b8d89f8ccb
64,TCGA-10-0928-01A-01-BS1.7e1a20f2-31da-4b50-8d26-005e67baa47c,TCGA-59-2352-01A-01-TS1.ef2a283e-ca0f-47fe-aff7-c10c4423c09a,TCGA-30-1718-01A-01-BS1.1442d515-ab98-42d8-ac97-9a823ef7f0f9
65,TCGA-10-0928-01A-02-BS2.facd92de-6893-4650-a327-1f15554a01fc,TCGA-61-1725-01A-01-BS1.19559478-b60e-4af8-b6f0-a6773f29175a,TCGA-30-1718-01A-01-TS1.882c0856-601e-4428-b950-0d13f28e8da0
66,TCGA-10-0933-01A-01-BS1.56e3863d-bfc6-4a9c-95e0-e6ee735e134f,TCGA-61-1725-01A-01-TS1.99fc6def-5952-425f-ac0f-393aac908d99,TCGA-30-1857-01A-02-BS2.c7ade19c-60eb-4fee-b487-879801460374
67,TCGA-10-0933-01A-01-TS1.4193c207-aac8-400e-be84-1ff6ebccd090,TCGA-61-2003-01A-01-TS1.4a075378-e3da-4b3b-abea-c75c6acfd895,TCGA-30-1857-01A-01-BS1.392b4bb4-7991-4797-b75c-ffe3d94a4599
68,TCGA-10-0936-01A-01-TS1.e5976a6c-f284-43bd-9597-6f9d3b5439dc,TCGA-61-2003-01A-01-BS1.a8771b76-02b4-418e-b9a6-2282807606e4,TCGA-31-1956-01A-01-TS1.e3853ccf-184c-48d1-aeca-6a62e93e3d84
69,TCGA-10-0936-01A-01-BS1.3ede0f32-9bf9-46be-aabd-4793365bf020,TCGA-61-2102-01A-01-TS1.560f25cb-a79f-4eee-ad74-a0130d207db1,TCGA-31-1956-01A-01-BS1.5fafa924-13b2-4b34-9930-1810a3ac5022
70,TCGA-10-0937-01A-02-BS2.d5858cfe-47d7-442a-a3a0-fde1e69b919e,TCGA-61-2102-01A-01-BS1.1597b3f0-3481-4fe3-964c-3d54a2db6283,TCGA-59-A5PD-01A-01-TSA.AB7FBB47-0D01-4FDF-BFCF-42FCB4DACF4C
71,TCGA-10-0937-01A-01-BS1.37919e58-3142-472b-8dc2-f55a22a976ce,TCGA-61-2110-01A-01-TS1.657eac90-dffd-4a49-815e-751d197a315e,TCGA-61-2092-01A-01-TS1.060203fd-43c4-4e4c-8b3b-6d537a56e73c
72,TCGA-10-0938-01A-02-BS2.4143e826-d8fd-41bd-a948-34cbcc3c7518,TCGA-61-2110-01A-01-BS1.e42d96bc-a002-4f4c-817b-d3a5b1af1172,TCGA-61-2092-01A-01-BS1.e19c34fd-bcf6-468f-b1a4-689c912ae78f
73,TCGA-10-0938-01A-01-BS1.22a8ea74-7de1-453c-857c-2e7001fa42fe,,
74,TCGA-13-0714-01A-01-TS1.1e09c7c3-482d-45f6-9330-fc2969faa4f7,,
75,TCGA-13-0714-01A-01-BS1.26bf9350-7b7e-441a-ab21-86861194cb19,,
76,TCGA-13-0724-01A-01-TS1.bb70ca78-9511-406f-b555-917d69bbdddf,,
77,TCGA-13-0724-01A-01-BS1.d39fed4b-f145-4c60-8fd1-81541b8bbbd1,,
78,TCGA-13-0725-01A-01-BS1.6cd2a2f7-689b-4674-a98e-a7ab00beaa84,,
79,TCGA-13-0725-01A-01-TS1.93a2c5e6-57fa-4784-b8cf-29d898406640,,
80,TCGA-13-0727-01A-01-TS1.6d8a1ef4-20dd-4641-9f62-9ee2782e24a5,,
81,TCGA-13-0727-01A-01-BS1.aeb63964-0616-4be1-9203-91ea1c0794d4,,
82,TCGA-13-0730-01A-01-TS1.fde90bcb-ed7b-45b6-954f-fbf94f6aa317,,
83,TCGA-13-0730-01A-01-BS1.0d18e57d-ba4f-4185-84a0-dc9b489ed29f,,
84,TCGA-13-0765-01A-01-TS1.9d588c3d-dc12-4984-a9d6-c5d048ab5f47,,
85,TCGA-13-0765-01A-01-BS1.8f9bff9c-ecb0-4f82-aef3-6b55da5dc88c,,
86,TCGA-13-0766-01A-01-BS1.50c7234c-9da1-4c26-8ef8-137c0c0c07e8,,
87,TCGA-13-0766-01A-02-BS2.3710a5cd-90f0-4d8a-9b23-a85b0640f834,,
88,TCGA-13-0768-01A-01-TS1.209a6162-13a3-4fd1-8395-83488491ab9b,,
89,TCGA-13-0768-01A-01-BS1.a3e6fc49-57bd-4ae6-ab13-bf5e86f13ccf,,
90,TCGA-13-0797-01A-01-BS1.35def05e-dee8-4875-8efd-c2262c07de5c,,
91,TCGA-13-0797-01A-01-TS1.f73bb3f4-9dac-462a-bbb7-feec138ebf1d,,
92,TCGA-13-0800-01A-01-BS1.9a6d87aa-4ea6-4ae9-a1e4-c64f5e9713bf,,
93,TCGA-13-0800-01A-01-TS1.b12d32bb-aeed-4d6d-8ee6-f76bc9fb8d76,,
94,TCGA-13-0883-01A-01-BS1.a00b3891-5c61-43b1-a0d3-9857ac0d942a,,
95,TCGA-13-0883-01A-02-BS2.b3603594-ed44-4e5e-861a-52aa4eeb71de,,
96,TCGA-13-0884-01B-01-BS1.48ab706e-f243-4f72-b7c5-8b4a5b5dbcc0,,
97,TCGA-13-0884-01B-01-TS1.4bcf3062-6cc6-4759-9515-4d1674763ca5,,
98,TCGA-13-0885-01A-02-BS2.f81d65cc-0e63-43c6-b022-17d16fa61f9a,,
99,TCGA-13-0885-01A-01-BS1.5245b3d4-1105-40ba-aa2a-8f093459f125,,
100,TCGA-13-0886-01A-01-TS1.87d770e2-fb08-4fbe-8091-53a12ef5413a,,
101,TCGA-13-0886-01A-01-BS1.d21154a8-2994-4f78-b12c-bd53414d2570,,
102,TCGA-13-0887-01A-01-TS1.03c9ff20-0795-4bd1-8be1-3d7fcd15b7e9,,
103,TCGA-13-0887-01A-01-BS1.8936aa9f-f77e-419d-ae3f-8b88933225ef,,
104,TCGA-13-0888-01A-01-BS1.958e8b83-20ce-4ec9-9e0f-62be3c6ba1cb,,
105,TCGA-13-0888-01A-01-TS1.ffd7136c-4224-4e96-b6bd-91271f3be8be,,
106,TCGA-13-0891-01A-01-BS1.8d1ded3e-bb87-402e-8103-f421b6ee27dd,,
107,TCGA-13-0891-01A-01-TS1.720d6bab-786c-4ec2-a692-c70414ced567,,
108,TCGA-13-0893-01B-01-TS1.c090cde5-476a-4ba5-a3eb-9ed8e0a04085,,
109,TCGA-13-0893-01B-01-BS1.8fa39d98-59e4-4957-857e-06d9db47e419,,
110,TCGA-13-0897-01A-01-BS1.dcac13fe-5762-4440-8ef6-f20f7add987c,,
111,TCGA-13-0897-01A-01-TS1.06f71559-c811-4995-9983-f16452175b36,,
112,TCGA-13-0901-01B-01-TS1.68cbcd84-0e37-48aa-8e6f-c48b43b93e7b,,
113,TCGA-13-0901-01B-01-BS1.a01b26f4-7a4c-4529-a400-e6ad62f1a956,,
114,TCGA-13-0906-01A-01-BS1.e8aa0544-cc48-4941-9d7f-bbd41aafaa30,,
115,TCGA-13-0906-01A-01-TS1.7be7e649-9db2-4a60-b120-e912df932701,,
116,TCGA-13-0908-01B-01-BS1.c5bc1ddd-1c6c-4ab1-aee0-e0885990e553,,
117,TCGA-13-0908-01B-01-TS1.ee2524ac-c719-4a1f-8e39-a71d08e033dc,,
118,TCGA-13-0911-01A-01-TS1.d038ca6a-0465-4047-a2a9-46ad58627c2e,,
119,TCGA-13-0911-01A-01-BS1.fbd48661-17fb-44b5-be12-fe788a09667c,,
120,TCGA-13-0916-01A-01-BS1.1f9f945b-dbd0-4bec-99c7-350d23343b9c,,
121,TCGA-13-0916-01A-01-TS1.af6a32f4-c8f5-42fb-aaed-6d40c9076a1e,,
122,TCGA-13-0920-01A-01-TS1.865199e6-7b94-40ef-82e8-e65aa9377818,,
123,TCGA-13-0920-01A-01-BS1.b7b9daea-d790-433c-93b2-db5e26827f30,,
124,TCGA-13-0923-01A-01-BS1.13b1073e-fdb1-4c7c-9899-5251d0b8d32c,,
125,TCGA-13-0923-01A-01-TS1.d9d2ce88-c392-4e1a-abfc-ac656d4d2ed1,,
126,TCGA-13-0924-01A-01-TS1.c61ffb1a-c4d3-463d-93ec-1ea5bb9ace24,,
127,TCGA-13-0924-01A-01-BS1.24f68578-f603-437a-894e-a74abecbb93c,,
128,TCGA-13-1403-01A-01-BS1.ac764ada-e3f7-4b8e-9ba5-6a15e4d53224,,
129,TCGA-13-1403-01A-01-TS1.d9d6de3c-5c5c-4966-b028-b914002e89c6,,
130,TCGA-13-1404-01A-01-TS1.cecf7044-1d29-4d14-b137-821f8d48881e,,
131,TCGA-13-1404-01A-01-BS1.04e6176f-aca9-4874-b3d5-baecd5fc11e7,,
132,TCGA-13-1407-01A-01-TS1.a6dbdc72-d387-4fc3-a469-57ea6084908b,,
133,TCGA-13-1407-01A-01-BS1.05372268-5e6e-416e-a3e3-1047cee97d57,,
134,TCGA-13-1408-01A-01-BS1.daf88d62-ca7c-4479-b027-16e04a5c66e4,,
135,TCGA-13-1408-01A-01-TS1.8ba1c97e-931d-4dab-8ee6-438648815551,,
136,TCGA-13-1409-01A-01-BS1.dc1c8c75-97e7-4a32-9581-9c7bac1a0a87,,
137,TCGA-13-1409-01A-01-TS1.4226415a-3f9d-4a34-b017-1af964c8be5a,,
138,TCGA-13-1411-01A-01-BS1.6ad1b17a-2edc-4e90-a769-781e192666b7,,
139,TCGA-13-1411-01A-01-TS1.8b721a35-974d-4831-90d5-6874833d2a2d,,
140,TCGA-13-1477-01A-01-BS1.5e469773-19c9-47e2-a141-a9023f02fb54,,
141,TCGA-13-1477-01A-01-TS1.40cfd8ee-5054-4b2f-9a66-0820397a0d75,,
142,TCGA-13-1483-01A-01-TS1.da3bd09a-1930-49c2-a2c0-592f45fa3859,,
143,TCGA-13-1483-01A-01-BS1.ddf45f15-dac1-461f-8937-3ac159a33d50,,
144,TCGA-13-1485-01A-01-BS1.2db443ac-fdab-4759-8e64-eb343b89aa91,,
145,TCGA-13-1485-01A-02-BS2.d33cd2ff-9521-4ae7-a458-6cd672e3048d,,
146,TCGA-13-1489-01A-01-TS1.afac158d-0de2-4e56-a1e8-1970763d8563,,
147,TCGA-13-1489-01A-01-BS1.89a1069f-7323-4169-9dbd-3dd204338851,,
148,TCGA-13-1492-01A-01-TS1.893fd41e-d481-4430-b8e3-b7952e9a4f6a,,
149,TCGA-13-1492-01A-01-BS1.8f143732-b6e9-4ce4-bc41-b2aa51955587,,
150,TCGA-13-1495-01A-01-TS1.beca9d8a-6867-45d1-a81e-03dc4e7989b0,,
151,TCGA-13-1495-01A-01-BS1.ae354aba-3dfc-4e7c-a02b-bfa4d5562264,,
152,TCGA-13-1496-01A-01-BS1.b3b8a7eb-c3a4-406b-8725-ffe82e1427c3,,
153,TCGA-13-1496-01A-01-TS1.6e8bc620-4631-48ed-8bf8-866854ef6500,,
154,TCGA-13-1497-01A-01-BS1.4fb415dd-e72d-451a-9064-99c2f28934d5,,
155,TCGA-13-1497-01A-01-TS1.df740e3b-2d04-4a35-8927-ed788875d668,,
156,TCGA-13-1498-01A-01-TS1.c1a533e4-aaec-4ffe-aa78-2f5d3887d768,,
157,TCGA-13-1498-01A-01-BS1.860b1710-d464-4027-b6be-02694c7027a3,,
158,TCGA-13-1499-01A-01-TS1.116d81fb-17b7-46f8-abb6-e1fb37fbbfc9,,
159,TCGA-13-1499-01A-01-BS1.70245996-46ca-4e68-ab44-0fc043794b88,,
160,TCGA-13-1501-01A-01-BS1.8fabb2f9-a340-49c1-ab64-9208a2fe1760,,
161,TCGA-13-1501-01A-01-TS1.955ec489-489b-4ec1-8410-3f5e0bccc505,,
162,TCGA-13-1506-01A-01-BS1.790a38ba-47d7-4ac4-a25e-50a17f9a2a87,,
163,TCGA-13-1506-01A-01-TS1.d6daf712-ccb4-4ecd-859f-c24b37baee13,,
164,TCGA-13-1507-01A-01-BS1.b4f68dd8-44d6-4b1f-afdc-2655cf3246df,,
165,TCGA-13-1507-01A-01-TS1.d693a034-776b-4726-b248-fa02fce6680e,,
166,TCGA-13-1509-01A-01-BS1.031e3f43-6049-4cef-9b2b-b856aa268557,,
167,TCGA-13-1509-01A-01-TS1.c55b2176-151c-4d47-a9ce-e219fcf78418,,
168,TCGA-13-1510-01A-01-BS1.a9adcc98-382e-48ca-bd92-c7fdd1007305,,
169,TCGA-13-1510-01A-02-BS2.870506d6-ca79-4aa2-b3b0-86f7f49f6427,,
170,TCGA-13-1511-01A-01-BS1.1db24a7e-5116-4fad-a830-8ffa5736985b,,
171,TCGA-13-1511-01A-01-TS1.4fb08454-15fa-40f8-9d21-d7b75fa68fbe,,
172,TCGA-13-1512-01A-01-BS1.fbdc48b1-7344-41d9-90a4-f585b9b202b5,,
173,TCGA-13-1512-01A-01-TS1.2fd7c3b6-e8fe-4542-b392-811c192282ae,,
174,TCGA-13-2060-01A-01-TS1.029d23ee-2d6c-4172-9908-837eeb844719,,
175,TCGA-13-2060-01A-01-BS1.dfa4bfe4-24cf-4410-b813-45a7ba514053,,
176,TCGA-13-A5FT-01A-01-TSA.85EAEFA5-9F54-4A1A-B907-393CA55B627D,,
177,TCGA-20-0991-01A-01-TS1.0b680a7c-3b52-40f3-88e7-39ff4fb22cc9,,
178,TCGA-20-0991-01A-01-BS1.667c1bb6-434d-47b1-ac92-8a2996613ffe,,
179,TCGA-20-1682-01A-01-TS1.8c825440-843e-42d1-bd0e-dd91a64b5d69,,
180,TCGA-20-1682-01A-01-BS1.c4f1280c-1e62-4d03-9237-35a4ce37f578,,
181,TCGA-20-1683-01A-01-TS1.d6e3a27b-344e-4566-ad53-33189f1cbe02,,
182,TCGA-20-1683-01A-01-BS1.4fa77b3e-e254-44a5-8dbe-ac9089746160,,
183,TCGA-20-1686-01A-01-TS1.228c3630-c8f7-40cc-8cb9-30fd3859f7d1,,
184,TCGA-20-1686-01A-01-BS1.f7d1707d-5007-4774-8ca7-49c62b6dfc22,,
185,TCGA-20-1687-01A-01-BS1.1dd87cf9-da7f-4f8c-a47b-ae0a1905c2e1,,
186,TCGA-20-1687-01A-01-TS1.5f56bb43-6913-4695-a791-568daa718090,,
187,TCGA-23-1021-01B-01-BS1.43618d42-5e31-4911-b670-ee2d2773bda2,,
188,TCGA-23-1021-01B-01-TS1.80c2d0cc-5647-4f11-973d-7ef404254284,,
189,TCGA-23-1022-01A-02-BS2.d08fdaaf-e78f-4e6d-ba65-1663cc37ab02,,
190,TCGA-23-1022-01A-01-BS1.b230a1dc-5e45-4d8a-9668-91a9e105d1a1,,
191,TCGA-23-1022-01A-01-TS1.8e55f9a0-4044-4413-a4f8-e30004575fc3,,
192,TCGA-23-1023-01A-01-TS1.21cc6c1a-de09-47bb-817c-ce7c037efcdf,,
193,TCGA-23-1023-01A-02-BS2.1a4fa055-18ac-4c34-aa07-3e6fbba79d49,,
194,TCGA-23-1023-01A-01-BS1.f2260f08-0126-4fe9-bbb0-09e4fc2fb30e,,
195,TCGA-23-1024-01A-01-BS1.7c5c688d-74e7-470a-95c5-115c73451c0d,,
196,TCGA-23-1024-01A-02-BS2.abbe97b3-ccf4-417e-b838-715a487e2595,,
197,TCGA-23-1026-01B-01-TS1.6d8886c6-37c0-4fd8-b847-b5b40d84742f,,
198,TCGA-23-1026-01B-01-BS1.6f43fabb-d511-4b5f-bd09-37d885a34ddd,,
199,TCGA-23-1027-01A-02-BS2.08a84ac3-d0b4-4056-b4df-ef6fa85c9008,,
200,TCGA-23-1027-01A-01-BS1.ae48dc7c-b645-4baf-8aa9-e4db50ad6c3d,,
201,TCGA-23-1029-01B-01-TS1.cd4d75b5-bc4f-448a-84a3-f34c172f8d61,,
202,TCGA-23-1029-01B-01-BS1.f0bd82cb-50ca-4cf3-bd28-c28ff2a7cde8,,
203,TCGA-23-1030-01A-02-BS2.b0ce8e47-ce2c-430e-82d7-dbb75c3d373c,,
204,TCGA-23-1030-01A-01-BS1.d3ebeb41-5e90-4826-bda8-8a48f3669622,,
205,TCGA-23-1107-01A-01-BS1.d6017cb3-c915-4dd1-a1bd-4fe67600ab38,,
206,TCGA-23-1107-01A-01-TS1.f36ddc6a-25ec-441b-9e70-57810d827977,,
207,TCGA-23-1110-01A-01-TS1.04ccc391-1194-4dc4-8692-607901904c83,,
208,TCGA-23-1110-01A-01-BS1.9586db89-39c2-4109-9575-b2c545d3a490,,
209,TCGA-23-1111-01A-01-TS1.2a2f4620-789a-400f-bf1a-10b72d876ef7,,
210,TCGA-23-1111-01A-01-BS1.9949d5f1-ef9c-493a-b04e-3b617d2b30c6,,
211,TCGA-23-1114-01B-01-BS1.e8ba0c6f-94e8-4ebb-86e4-882753640bbb,,
212,TCGA-23-1114-01B-01-TS1.453252ed-fb64-497a-ad1e-366b5737eaac,,
213,TCGA-23-1116-01A-01-BS1.a02dca17-bfe8-419b-b790-944bff16fcf2,,
214,TCGA-23-1116-01A-01-TS1.e0a68198-f101-4469-9dbf-f9b0c9c8ca63,,
215,TCGA-23-1119-01A-01-BS1.69056588-dd6a-4365-9780-e3344697ae99,,
216,TCGA-23-1119-01A-02-BS2.22ec8a4f-c913-4531-a71a-c6daaa6ad4f2,,
217,TCGA-23-1120-01A-02-BS2.4cbf84a4-9b8f-4448-a066-3978b5fca0aa,,
218,TCGA-23-1120-01A-01-BS1.7a9f0eb0-59d5-46ee-ae3e-4c9c21218ded,,
219,TCGA-23-1122-01A-01-BS1.e47c346e-2941-41b9-910b-713b18c0113d,,
220,TCGA-23-1122-01A-01-TS1.3856005c-5450-450c-944e-a104156e84ec,,
221,TCGA-23-1123-01A-01-TS1.9d6036ea-f3bb-4e32-b1b1-51d0a4363b3a,,
222,TCGA-23-1123-01A-01-BS1.cd3395cb-5e52-4549-8e3d-731ad55c5534,,
223,TCGA-23-2077-01A-01-TS1.b658f179-d2f9-4a22-a915-22a36159cf9a,,
224,TCGA-23-2077-01A-01-BS1.fe4d3109-2e84-44ee-8599-04c1931d2012,,
225,TCGA-23-2078-01A-01-BS1.7db37047-3ad5-4aff-b568-fc496df7f508,,
226,TCGA-23-2078-01A-01-TS1.c1e1c7cc-0a12-4f15-8b94-57414753099e,,
227,TCGA-24-0966-01A-01-TS1.c31b0a81-6484-4f31-a765-008b25eb5f1e,,
228,TCGA-24-0966-01A-01-BS1.a6800fb7-6124-452d-84d7-29222262792c,,
229,TCGA-24-0968-01A-01-BS1.75dde44c-1150-4c27-9b81-42cc7c8be0bf,,
230,TCGA-24-0968-01A-01-TS1.0ecb0b53-3dd6-46d9-a492-c179639330a6,,
231,TCGA-24-0970-01B-01-BS1.afff57a2-9f27-479f-bf64-47390dc616d9,,
232,TCGA-24-0970-01B-01-TS1.97d1c7d0-939c-4b4d-900a-32bde4406a8b,,
233,TCGA-24-0979-01A-01-BS1.32ea68ae-904f-4d69-a8ff-5a59e2a65ccd,,
234,TCGA-24-0979-01A-01-TS1.0dda30a8-16ff-4e27-b1be-bc9327e052c0,,
235,TCGA-24-0982-01A-01-BS1.86d455fe-9855-4106-b487-ef4cde3c86de,,
236,TCGA-24-0982-01A-01-TS1.7a24140e-0062-41a3-bf71-a70ce3f4124c,,
237,TCGA-24-1103-01A-01-TS1.626b516a-0522-4cf6-ac17-458fb9b39297,,
238,TCGA-24-1103-01A-01-BS1.7318516f-445c-4455-bef7-4229045e6edd,,
239,TCGA-24-1104-01A-01-BS1.c0b24512-3855-4e5f-9214-1823828394ef,,
240,TCGA-24-1104-01A-01-TS1.5f113d14-b733-4f7d-ad0d-3d2a0771bb8b,,
241,TCGA-24-1105-01A-01-TS1.b1eba572-c739-453d-8612-b5e33a50bbac,,
242,TCGA-24-1105-01A-01-BS1.6aefaf25-f9ca-4d2e-8fe1-c76af069cfb9,,
243,TCGA-24-1413-01A-01-TS1.8e76a2e6-ab2f-4d66-8017-c128c68763d8,,
244,TCGA-24-1413-01A-01-BS1.963bdc29-e21a-4b5f-9ff7-9bb4d4b6abea,,
245,TCGA-24-1416-01A-01-BS1.9af08ca1-7925-4689-9ade-e5a848e9ca19,,
246,TCGA-24-1416-01A-01-TS1.dbe2dee5-0c05-46cd-baec-7293be19fd17,,
247,TCGA-24-1418-01A-01-BS1.8c2fa6a6-86f7-486b-8dda-3c8c0bab4811,,
248,TCGA-24-1418-01A-01-TS1.384345b7-9a47-4c10-ab17-31a6f1e9a544,,
249,TCGA-24-1419-01A-01-BS1.08bb7421-dfee-4e8f-8bdb-74a1626872f1,,
250,TCGA-24-1419-01A-01-TS1.4e3b292c-2e03-4a9a-8d8c-4b1c178e2039,,
251,TCGA-24-1422-01A-01-TS1.aafeef2d-1616-480b-a3c6-4b9567c5e2ab,,
252,TCGA-24-1422-01A-01-BS1.53e4f6dd-f37e-4292-aac7-083bf40da8b5,,
253,TCGA-24-1423-01A-01-TS1.43615c8b-4834-48bd-b92f-251ceb7073fe,,
254,TCGA-24-1423-01A-01-BS1.8e1e9415-8cf4-41b5-a038-1e6f03193d0f,,
255,TCGA-24-1424-01A-01-TS1.60fe0b86-27a1-4a3e-ab27-2601008cb58c,,
256,TCGA-24-1424-01A-01-BS1.c621b053-57a0-46e5-9cb9-b35216aafef9,,
257,TCGA-24-1425-01A-02-BS2.a6fe1ea1-7b06-4337-8d6e-6a799ef51d5b,,
258,TCGA-24-1425-01A-01-BS1.a98f855c-c0e6-4815-9a18-395d258e7621,,
259,TCGA-24-1426-01A-01-BS1.df3cb40f-130c-42db-886a-10e298f9a0ce,,
260,TCGA-24-1426-01A-01-TS1.365230f5-c1b1-4124-9ba5-1b86ae87e12b,,
261,TCGA-24-1427-01A-01-TS1.b23b731e-4150-4c0c-b015-e6bbe8933b0b,,
262,TCGA-24-1427-01A-01-BS1.03d4bcec-43c8-4b9e-a91f-0aae325fc711,,
263,TCGA-24-1428-01A-01-BS1.cc2baf2f-05d9-4e2a-9dbc-35a2729b00b8,,
264,TCGA-24-1428-01A-01-TS1.092eb401-0310-4619-8f06-8fd5b46560bc,,
265,TCGA-24-1430-01A-01-TS1.206fc526-1f7c-49f7-84b3-26ed0be0b14e,,
266,TCGA-24-1430-01A-01-BS1.da84d3c2-9588-4907-9a03-4ea2847621aa,,
267,TCGA-24-1434-01A-01-BS1.db10a516-27ac-4dde-a922-2b4a804ddead,,
268,TCGA-24-1434-01A-01-TS1.5c90f4ac-d2c5-4ecc-903e-15c0501db247,,
269,TCGA-24-1435-01A-01-TS1.d678e541-f8bc-4a7e-87ca-e1df06b156ec,,
270,TCGA-24-1435-01A-01-BS1.3429e07b-d614-4c41-bf6e-9bfb4fc1e325,,
271,TCGA-24-1464-01A-01-BS1.4629f765-e185-4cee-b30e-2024f6fad17d,,
272,TCGA-24-1464-01A-01-TS1.33baf922-5467-4b79-8191-fbba9f70c972,,
273,TCGA-24-1469-01A-01-BS1.6fc1655c-f6dc-440c-991f-999d34bec42b,,
274,TCGA-24-1469-01A-01-TS1.9a49f54b-0127-4b14-a85e-269e6d785d26,,
275,TCGA-24-1470-01A-01-TS1.b8c86d30-2ff5-4a29-b5c9-deb324c8427a,,
276,TCGA-24-1470-01A-01-BS1.b1fce053-0934-489a-b25c-2d05505e4bce,,
277,TCGA-24-1471-01A-01-BS1.5b870680-19ae-42ff-bbf5-2f0d82ca9caa,,
278,TCGA-24-1471-01A-01-TS1.ff50c1a3-4de7-4dd7-8188-025d1df618d0,,
279,TCGA-24-1474-01A-01-BS1.c53d2d22-c2c3-4620-91f7-42162f8ba3d5,,
280,TCGA-24-1474-01A-01-TS1.8b1c59c3-2589-42bc-b824-90b082f1e893,,
281,TCGA-24-1544-01A-01-TS1.5c0e797d-fd2e-4368-8b27-b77ad0cd4601,,
282,TCGA-24-1544-01A-01-BS1.8b67402c-67b0-4909-b96c-f8a7f9e85ced,,
283,TCGA-24-1549-01A-01-BS1.9d2f28ad-f2d5-491d-8df7-54afaf3133cc,,
284,TCGA-24-1549-01A-01-TS1.e8282ab7-a954-4aaf-80fb-ca80fc8891c8,,
285,TCGA-24-1551-01A-01-TS1.681cb51e-c47d-4877-8041-54e92143e106,,
286,TCGA-24-1551-01A-01-BS1.41335e52-92cb-47c1-b5d6-cfaf07041b09,,
287,TCGA-24-1552-01A-01-BS1.7af35fc5-d9df-4cce-a0c6-30dde43ad0a2,,
288,TCGA-24-1552-01A-01-TS1.295ebff0-1ee5-4fe1-a6e1-35951c014456,,
289,TCGA-24-1553-01A-01-TS1.335b5d27-d22e-4631-a772-ad33e0e3fc49,,
290,TCGA-24-1553-01A-01-BS1.ff75b56d-efb0-48ab-9ae2-ea6013bd6b85,,
291,TCGA-24-1557-01A-01-TS1.37ecb22e-99d5-46d8-b90f-34c35bb96139,,
292,TCGA-24-1557-01A-01-BS1.d09c8628-1498-4b56-8be4-82531a96b579,,
293,TCGA-24-1560-01A-01-BS1.f5e67453-b8d9-4f8d-84be-05608fca2722,,
294,TCGA-24-1560-01A-01-TS1.517e0086-04fb-47e2-8809-4b9768c17ba9,,
295,TCGA-24-1563-01A-01-BS1.77a77ca5-d792-4b25-9b37-f9f5ba572e04,,
296,TCGA-24-1563-01A-01-TS1.3f251140-d701-4deb-b82e-4924e4667a14,,
297,TCGA-24-1565-01A-01-BS1.1dd6e7fb-cbd7-4da0-923d-d43435834cf0,,
298,TCGA-24-1565-01A-01-TS1.2f178ae2-c7f7-444e-902a-212be3f0433d,,
299,TCGA-24-1567-01A-01-TS1.09e67e5f-318c-42e7-a0bf-b00fc7f85356,,
300,TCGA-24-1567-01A-01-BS1.1ef24432-6351-443b-9a7d-acbd6a4ab819,,
301,TCGA-24-1603-01A-01-BS1.10b614a2-04d5-437a-896b-34d0ecf2db37,,
302,TCGA-24-1603-01A-01-TS1.41cdbaf5-d3cc-43d2-91ce-9176ab694e1b,,
303,TCGA-24-1604-01A-01-TS1.6d8ad821-149e-41cc-9926-71b32c12469c,,
304,TCGA-24-1604-01A-01-BS1.723beda5-e12c-4e4a-8023-fd758839a322,,
305,TCGA-24-1616-01A-01-BS1.88f13167-f84b-47af-9e96-c9e2750a70e3,,
306,TCGA-24-1616-01A-01-TS1.8b605a9a-3f71-4af6-b7eb-1bb33efa45ed,,
307,TCGA-24-1844-01A-01-BS1.77eb1696-4cf6-4a2b-a225-52c0ee0f9082,,
308,TCGA-24-1844-01A-01-TS1.de22faa4-e6c3-4f51-a17d-d450ee2ee1eb,,
309,TCGA-24-1845-01A-01-BS1.fbc4f1c3-ac59-4dab-b77f-61da0511bcad,,
310,TCGA-24-1845-01A-01-TS1.c7917780-aa0a-4784-8a61-222bb9edf646,,
311,TCGA-24-1846-01A-01-TS1.cbd38011-a782-4c70-8498-79c3d143409e,,
312,TCGA-24-1846-01A-01-BS1.08e47dff-31a5-4515-8b39-58f3e11a4c7a,,
313,TCGA-24-1850-01A-01-TS1.9fc9bdb4-0398-4cad-8be5-fc656870c9ea,,
314,TCGA-24-1850-01A-01-BS1.1229a1be-6ac6-49dd-a170-f6a6c4cf796a,,
315,TCGA-24-1923-01A-01-TS1.efa7fe61-eeee-4f33-a76e-def9e1e4347b,,
316,TCGA-24-1923-01A-01-BS1.2f93d2e1-4288-44cf-b6c0-1b8e4d964e75,,
317,TCGA-24-1924-01A-01-TS1.fba40711-32d3-4959-96d3-fcbe4bf6021f,,
318,TCGA-24-1924-01A-01-BS1.624ef7e2-100f-40c8-b153-82b50e3f35ba,,
319,TCGA-24-2020-01A-01-TS1.e210ebcd-ea37-4fe7-9531-1c526757d70a,,
320,TCGA-24-2020-01A-01-BS1.a863f994-8289-43c8-b1de-2263f5d3bc28,,
321,TCGA-24-2023-01A-01-TS1.86bdd454-e8a5-4343-a6b9-85c9f0b4c291,,
322,TCGA-24-2023-01A-01-BS1.c8d44f47-325c-41b4-99be-a9383fe47b08,,
323,TCGA-24-2024-01A-01-BS1.0467ab38-1f2d-4fbb-a6c4-0e38d2e0de33,,
324,TCGA-24-2024-01A-02-BS2.bb2cc430-c917-437d-b85e-f8fb69028121,,
325,TCGA-24-2026-01A-01-BS1.b2af0e7d-797b-40c0-bd33-71426c55f66f,,
326,TCGA-24-2026-01A-01-TS1.9da284eb-d410-4006-9a8a-503b1e731363,,
327,TCGA-24-2027-01A-01-TS1.d6d55952-e8db-460f-aaff-9cc1b9044610,,
328,TCGA-24-2027-01A-01-BS1.84920977-5b25-4424-a913-41bc08ac0250,,
329,TCGA-24-2035-01A-01-BS1.1ea4d2d3-feff-446e-a198-cd91ce4d56b7,,
330,TCGA-24-2035-01A-01-TS1.219f3d14-d927-4732-acfe-9fb918296c53,,
331,TCGA-24-2254-01A-01-BS1.8693850b-af0f-47b9-8113-44ab1cde89cb,,
332,TCGA-24-2254-01A-01-TS1.de52a9bb-d52a-465e-860a-4fdfacb8f9e2,,
333,TCGA-24-2261-01A-01-TS1.be1df9a9-9cb9-43e5-a447-56368f965041,,
334,TCGA-24-2261-01A-01-BS1.f82e1a66-2764-4fc1-8a91-3b907c7f54ad,,
335,TCGA-24-2262-01A-01-BS1.4f040506-3126-4be0-9bd2-91ef4ff0c00f,,
336,TCGA-24-2262-01A-01-TS1.2458cc8d-8541-420a-a725-db4e4d1e3e6f,,
337,TCGA-24-2267-01A-01-BS1.d7bddc1a-9847-4aa6-94eb-c21e45e820c0,,
338,TCGA-24-2267-01A-01-TS1.1c03b8f4-baa7-4a37-9672-2b91f3ca0f29,,
339,TCGA-24-2271-01A-01-BS1.bed2de0b-65ae-49a2-8fc6-a1ad85be2972,,
340,TCGA-24-2271-01A-01-TS1.b6591fc7-87de-4c84-968f-5a07d4cb9dcc,,
341,TCGA-24-2280-01A-01-TS1.2dd90f1f-fe80-438f-bb4e-5d80716e6962,,
342,TCGA-24-2280-01A-01-BS1.fb1d3270-6539-4e93-b546-a1bcb1d7efe2,,
343,TCGA-24-2281-01A-01-BS1.0d68fc45-8e3a-4161-b2e8-34dd9094b284,,
344,TCGA-24-2281-01A-01-TS1.1f2b1446-69d7-4e61-a21b-4ddbd68a092f,,
345,TCGA-24-2289-01A-01-TS1.4f5337c4-78ae-449f-8452-71be5ba1dd69,,
346,TCGA-24-2289-01A-01-BS1.9a729ef3-7079-43be-a05c-14bba09008f5,,
347,TCGA-24-2290-01A-01-TS1.298bd41d-f2e2-4db3-9582-62d0be13aa8c,,
348,TCGA-24-2290-01A-01-BS1.f5d185e3-f27f-4ad4-9f81-8721b109da1d,,
349,TCGA-24-2293-01A-01-TS1.bbb53d55-4e3b-46a6-aa7a-98b79d7b6591,,
350,TCGA-24-2293-01A-01-BS1.96b19260-6a66-40bb-b472-749fb3caea6e,,
351,TCGA-24-2298-01A-01-BS1.3257628a-82df-49ba-ba4c-5ab509434c97,,
352,TCGA-24-2298-01A-01-TS1.17f016db-5fb5-4bdb-a5b3-5d3ae85e69fb,,
353,TCGA-25-1312-01A-01-TS1.9d91008f-8c12-4e4e-aefe-ee9daff487f8,,
354,TCGA-25-1312-01A-01-BS1.01f182af-46ce-4838-9897-7a489c40734e,,
355,TCGA-25-1313-01A-01-BS1.737ad7a3-621b-4690-aed5-2c8f6fe5a4e6,,
356,TCGA-25-1313-01A-01-TS1.b3bd676b-4dfb-4ab3-9f96-5615490ade91,,
357,TCGA-25-1315-01A-01-BS1.2ea40aad-f13d-46af-89a6-0e04116a5d54,,
358,TCGA-25-1315-01A-01-TS1.617ad1a6-305c-4ca3-b86c-b1de86429a0a,,
359,TCGA-25-1316-01A-01-TS1.050f7f9f-a802-4a8e-8467-e40a36e90503,,
360,TCGA-25-1316-01A-01-BS1.14e296ac-b3bd-43b1-b67d-0f0e6446f94c,,
361,TCGA-25-1317-01A-01-TS1.c33273aa-4977-48d6-ac62-00d1f61260c8,,
362,TCGA-25-1317-01A-01-BS1.7237ad91-a258-4544-a2c4-1fb411af658a,,
363,TCGA-25-1318-01A-01-BS1.71909c29-59a7-45ec-945b-d7965aeec9a5,,
364,TCGA-25-1318-01A-01-TS1.328597ad-7246-4ca7-a534-1d265e9c9a59,,
365,TCGA-25-1319-01A-01-BS1.ad3a89ef-7efe-4a65-92de-1b4457cf6e84,,
366,TCGA-25-1319-01A-01-TS1.4d68fbd5-1e16-4050-aeae-c6ca6c0a34f6,,
367,TCGA-25-1320-01A-01-BS1.61670b41-a75a-42e1-a67e-17b3c9e5d31c,,
368,TCGA-25-1320-01A-01-TS1.7baccc6e-48b9-4f66-b04a-5a550b77dfce,,
369,TCGA-25-1321-01A-01-TS1.3cdd3537-543e-41b9-b024-f4b843205c0e,,
370,TCGA-25-1321-01A-01-BS1.83ae5429-f69e-4e70-8f65-f27fa68b5d5b,,
371,TCGA-25-1322-01A-01-TS1.5678ec6d-331d-43fc-9a9a-0ef43c274f73,,
372,TCGA-25-1322-01A-01-BS1.df752342-0132-40ea-96a4-91c9f7f23eb2,,
373,TCGA-25-1323-01A-01-TS1.a8ee5dae-63b9-4972-be8b-e1ad21e2d3c4,,
374,TCGA-25-1323-01A-01-BS1.a400c51c-77e2-41e2-be66-b1c4cd67cf7a,,
375,TCGA-25-1328-01A-01-BS1.8d6019d0-3250-41ee-9af3-cb18b44ee0ea,,
376,TCGA-25-1328-01A-01-TS1.7302303f-6917-4ca2-9547-8a657c7274e5,,
377,TCGA-25-1329-01A-01-BS1.53db6a63-1ab7-447b-a356-6af729dad49a,,
378,TCGA-25-1329-01A-01-TS1.603d7e2c-e298-4d4c-8479-94547312f95a,,
379,TCGA-25-1626-01A-01-BS1.a288053e-86fd-4189-8dba-641155072fc7,,
380,TCGA-25-1626-01A-01-TS1.84f55106-8f41-49e6-b9e5-2c70a99aaeef,,
381,TCGA-25-1627-01A-01-TS1.7d635326-16a2-4ed8-a60f-297b62e42fc0,,
382,TCGA-25-1627-01A-01-BS1.42532801-bad3-4503-8e89-c92084458b14,,
383,TCGA-25-1628-01A-01-TS1.35d35463-e15c-4be7-b62e-9a8e169c005a,,
384,TCGA-25-1628-01A-01-BS1.b18022f1-2c8f-4a48-b8e9-df04efe7b09c,,
385,TCGA-25-1630-01A-01-BS1.72d16d97-78e9-46a9-bdfd-db8d5b99041a,,
386,TCGA-25-1630-01A-01-TS1.cd9becbf-211f-473b-9a38-ff0fecc7ea57,,
387,TCGA-25-1631-01A-01-TS1.64da2a3d-515c-4393-9b63-f70b3ddef2b8,,
388,TCGA-25-1631-01A-01-BS1.0c3e79d3-e8ee-4721-94ee-cf2923f033bc,,
389,TCGA-25-1632-01A-01-TS1.441ffc0c-d1a4-4154-ac77-a247fdd66727,,
390,TCGA-25-1632-01A-01-BS1.150d6173-6bb4-4d09-9da1-e8898c0e50cc,,
391,TCGA-25-1634-01A-01-TS1.4345be84-2118-4725-8b31-1f16902d64b7,,
392,TCGA-25-1634-01A-01-BS1.d2bf3a3f-c51b-40a9-956d-2f77195d7a69,,
393,TCGA-25-1635-01A-01-BS1.bf595f95-9e5f-4b08-8d7e-0b7b08a7c6ee,,
394,TCGA-25-1635-01A-01-TS1.e3fb13c5-3313-4116-9aff-2dd97b81cace,,
395,TCGA-25-1870-01A-01-TS1.e29642cc-97ec-4d8b-b09d-ba85be57dd44,,
396,TCGA-25-1870-01A-01-BS1.d4ab8919-bcf7-440f-af7b-f66bc835ccfa,,
397,TCGA-25-2391-01A-01-TS1.8356e1f7-f054-4869-9793-39e86a37225a,,
398,TCGA-25-2391-01A-01-BS1.36d1284c-605f-4346-b6c6-048f71df6393,,
399,TCGA-25-2393-01A-01-TS1.a20e3f24-82c2-4886-a478-09dc932809fe,,
400,TCGA-25-2393-01A-01-BS1.57857d1a-37a7-4981-805a-609817bcbe0e,,
401,TCGA-25-2396-01A-01-BS1.cfdcc756-47ed-4f58-a6b5-825c9eba0da5,,
402,TCGA-25-2396-01A-01-TS1.80e91a24-243b-410c-a9dc-790aa3b8f6ca,,
403,TCGA-25-2398-01A-01-BS1.6cd65019-046f-4701-ba45-95c5a357e0f4,,
404,TCGA-25-2398-01A-01-TS1.db9bffbb-cffb-48c6-9494-10677a3fc7aa,,
405,TCGA-25-2399-01A-01-BS1.55932ba7-125d-49c0-bb6d-b1c4b9d2622f,,
406,TCGA-25-2399-01A-01-TS1.cf0cf6b0-d4ab-45d5-a7f1-16823526f35e,,
407,TCGA-25-2400-01A-01-BS1.bff6af4f-f392-43f9-bb3f-955ee0871789,,
408,TCGA-25-2400-01A-01-TS1.881b0e48-63ea-433e-86f2-361f288cfd94,,
409,TCGA-25-2401-01A-01-TS1.998ebf95-b49a-46c5-b501-b877912cbd44,,
410,TCGA-25-2401-01A-01-BS1.8c7e8e52-32b5-4abc-831a-1e32c7780162,,
411,TCGA-25-2404-01A-01-BS1.08aa7e79-0ec6-475e-90bd-4ee3feaf12d1,,
412,TCGA-25-2404-01A-01-TS1.cc560f7f-9491-4242-80ac-74f2ff537b1b,,
413,TCGA-25-2409-01A-01-BS1.91c79a10-fdff-4095-929c-b1b1e1c3b9a0,,
414,TCGA-25-2409-01A-01-TS1.a28f0475-589d-4831-9186-6b955153f5bb,,
415,TCGA-29-1688-01A-01-BS1.4b930846-2a6b-42e3-a986-1c74d92d95ae,,
416,TCGA-29-1688-01A-01-TS1.0917166e-3623-4f88-bc19-5b3e6fd856f9,,
417,TCGA-29-1691-01A-01-BS1.eec0bed3-fe05-4128-9bac-92a84c021875,,
418,TCGA-29-1691-01A-01-TS1.cd851d1b-0bd5-4564-bbe0-4dc4aa293b37,,
419,TCGA-29-1693-01A-01-BS1.df0f1f1b-2da4-4ee3-a5c3-77d2ed3830a6,,
420,TCGA-29-1693-01A-01-TS1.4e3372ca-7a0e-4716-882e-2513dcdcbf14,,
421,TCGA-29-1695-01A-01-TS1.7fd5b824-6a98-4ed3-b6e9-6564b12229a6,,
422,TCGA-29-1695-01A-01-BS1.06ff1b46-dadd-4aa2-a606-8ef843d8374e,,
423,TCGA-29-1696-01A-01-TS1.9f136ba5-516c-439d-8e2d-a9061cce1191,,
424,TCGA-29-1696-01A-01-BS1.5ba62db5-014b-4d13-89d9-10a481d6a10b,,
425,TCGA-29-1701-01A-01-TS1.1e5a96c0-8c8b-49fe-8083-4e9b2248d324,,
426,TCGA-29-1701-01A-01-BS1.d847a62d-bdbf-4972-b4f1-4d817ced7de5,,
427,TCGA-29-1703-01A-01-TS1.275260f3-64da-44d8-9488-c53230c4dce2,,
428,TCGA-29-1703-01A-01-BS1.bac4f162-fe80-42ee-91c2-7a3fa4486957,,
429,TCGA-29-1705-01A-01-BS1.febc5de5-d46e-4d34-a597-501782af363a,,
430,TCGA-29-1705-01A-01-TS1.b4cec7c6-267d-4b63-bb60-1e9b618ea03e,,
431,TCGA-29-1710-01A-02-BS2.8ed645cf-dd4b-4bff-b4c3-db614586760f,,
432,TCGA-29-1710-01A-01-BS1.3c2c042d-eb31-43f1-96e2-206e9ddd3a64,,
433,TCGA-29-1711-01A-01-TS1.abf41830-7901-443a-a734-4696c4bc7893,,
434,TCGA-29-1711-01A-01-BS1.cee261be-39be-457f-8b61-31eca4d7e795,,
435,TCGA-29-1761-01A-01-TS1.26b76609-e133-4641-93f1-5497015975a4,,
436,TCGA-29-1761-01A-01-BS1.4a648bd9-d950-4516-baa1-0ee2937785ef,,
437,TCGA-29-1762-01A-01-TS1.30a33cd4-4485-4a15-9eb6-2d2bb79ab844,,
438,TCGA-29-1762-01A-01-BS1.16561800-adee-4503-aea0-31320f85cc44,,
439,TCGA-29-1763-01A-02-BS2.13339452-2898-48c6-ba63-b39f8fd87e0c,,
440,TCGA-29-1763-01A-01-BS1.0e52583c-5792-4c59-ac2f-8eb42cc26eba,,
441,TCGA-29-1766-01A-01-BS1.6edc8a3d-a3a8-44b5-8c3e-ed9021de767b,,
442,TCGA-29-1766-01A-01-TS1.b06eb26c-0803-4278-b5bb-8a23e94145e0,,
443,TCGA-29-1768-01A-01-TS1.62464711-a212-4d0b-8ae8-d4e75c238043,,
444,TCGA-29-1768-01A-01-BS1.0bd351c0-aed9-4bb2-a773-e56918399ad5,,
445,TCGA-29-1769-01A-01-TS1.11d4cb8d-65cc-466b-b776-9488e40cbd13,,
446,TCGA-29-1769-01A-01-BS1.2138180e-d18f-41c7-b87d-25a179a17229,,
447,TCGA-29-1770-01A-01-BS1.60fcddf8-3637-40ae-8ab1-135c28d702e2,,
448,TCGA-29-1770-01A-01-TS1.ee73a932-fda4-4c43-b713-155de66a089c,,
449,TCGA-29-1774-01A-01-BS1.f02c7673-a415-40ac-8e84-3c7ca38b5188,,
450,TCGA-29-1774-01A-01-TS1.fc56e04c-830f-4e84-ab7f-4a942bcfdfa6,,
451,TCGA-29-1778-01A-01-TS1.03053642-c87d-488d-b2e6-d75900c0cca3,,
452,TCGA-29-1778-01A-01-BS1.f22cd01a-2d39-464a-9c96-60391fac355e,,
453,TCGA-29-1781-01A-01-BS1.cfa47f58-9a94-4faf-ad7e-2e5901d649f9,,
454,TCGA-29-1781-01A-01-TS1.9de32ae8-99c2-4de0-8dfe-0a7431145cce,,
455,TCGA-29-1783-01A-01-TS1.4cffe5bf-5305-4080-93ef-b9f7765612fd,,
456,TCGA-29-1783-01A-01-BS1.8c7be673-e292-4596-b2e7-7b0691de0755,,
457,TCGA-29-1784-01A-02-BS2.b8defa82-cc0f-44ec-9032-9cd4030304a7,,
458,TCGA-29-1784-01A-01-BS1.5eb21daa-2637-47ca-ada9-b987cd1621ee,,
459,TCGA-29-1785-01A-01-BS1.addf4816-2135-4b77-bf4f-5567c4843928,,
460,TCGA-29-1785-01A-01-TS1.92dd91fb-debd-463d-bc19-8e9912f80cfc,,
461,TCGA-29-2414-01A-01-BS1.c86cba2a-8d47-4657-84ad-1a66647440e9,,
462,TCGA-29-2414-01A-02-BS2.5006bae6-462f-4310-b8ab-8d7d8809cc0f,,
463,TCGA-29-2425-01A-01-BS1.219c877f-a1fc-4322-bc83-e1ab4e10f906,,
464,TCGA-29-2425-01A-01-TS1.b02b7e9c-7826-4dda-9fc2-70867e37e9c7,,
465,TCGA-29-2428-01A-01-TS1.3667d0cf-166c-4f28-85ee-a86aaf1c5667,,
466,TCGA-29-2428-01A-01-BS1.e5b6420f-0b66-4b78-b396-6bf8a075f55b,,
467,TCGA-30-1714-01A-01-BS1.d9272491-1098-49d2-9bec-c1dfa452548d,,
468,TCGA-30-1714-01A-02-BS2.d261005c-31b3-4a48-9530-3e24454a3d98,,
469,TCGA-30-1853-01A-01-BS1.97d7d1f1-3b08-47ed-84d2-9c7439d1720c,,
470,TCGA-30-1853-01A-02-BS2.59402746-32fc-4ce7-ac6f-235da20da619,,
471,TCGA-30-1860-01A-01-TS1.751e5a7f-2a59-40cc-866f-cc3780f7330b,,
472,TCGA-30-1860-01A-01-BS1.3f2f52d2-e19d-4b63-9bf7-d02377f667b7,,
473,TCGA-30-1861-01A-01-TS1.a7c5de2f-252d-44e2-b5fa-9beef553a8d6,,
474,TCGA-30-1861-01A-01-BS1.30a7078c-aeeb-4c9d-b0d8-8d66163299cd,,
475,TCGA-30-1862-01A-02-BS2.223b3dda-6e14-404e-9301-85e97e8a8e65,,
476,TCGA-30-1862-01A-01-BS1.e21a9aeb-597a-4202-9026-5d8505237256,,
477,TCGA-30-1866-01A-01-BS1.9116a600-0030-448a-8405-827d06464235,,
478,TCGA-30-1866-01A-02-BS2.c7539c9f-48aa-4af8-a182-233f4b6d3068,,
479,TCGA-30-1891-01A-01-BS1.038ab98b-6a36-43b4-b37b-11775670647a,,
480,TCGA-30-1891-01A-01-TS1.621013a7-cdb9-4be7-aae2-fe8291645d1c,,
481,TCGA-30-1892-01A-01-TS1.65549f07-9148-43b5-8c8c-94d17148a918,,
482,TCGA-30-1892-01A-01-BS1.eea7bc4a-8967-4b50-a476-e5ce862958d9,,
483,TCGA-31-1944-01A-01-BS1.1a8b04f1-bcc9-49fc-931d-c973e12f26f6,,
484,TCGA-31-1944-01A-01-TS1.b8440d12-6207-4950-9b2f-4b6c007c6220,,
485,TCGA-31-1946-01A-01-BS1.96e4efe5-cf1e-42eb-bb15-b3e7711fe916,,
486,TCGA-31-1946-01A-01-TS1.412289ba-f5a6-43b4-a002-8d95cadc246c,,
487,TCGA-31-1950-01A-01-BS1.d428155b-53a5-486a-b938-824b3a3f438f,,
488,TCGA-31-1950-01A-01-TS1.42495a8a-15e3-4fc2-aaeb-37f45493e9a5,,
489,TCGA-31-1951-01A-01-BS1.e4569bfa-757f-4f1e-85a2-8b17bfad7876,,
490,TCGA-31-1951-01A-01-TS1.5fe1fa05-31a4-478f-9008-bdb07e1b677f,,
491,TCGA-31-1953-01A-01-BS1.f0a27d64-d7c9-438e-9ef0-636ee0881eb0,,
492,TCGA-31-1953-01A-01-TS1.d23dcd07-a0b5-4eb2-9773-4ab7ffb396ff,,
493,TCGA-31-1959-01A-01-TS1.c9408cb9-448f-47f7-bad3-36f89f225596,,
494,TCGA-31-1959-01A-01-BS1.13ffdaa0-16e9-4e42-b74a-bd8374cbbf8f,,
495,TCGA-36-1568-01A-01-TS1.1a9c6c51-2b6b-4fa9-ab42-ddf6f921adfb,,
496,TCGA-36-1568-01A-01-BS1.4356f10e-d4de-400b-8954-eb2e30b693fb,,
497,TCGA-36-1569-01A-01-BS1.2db04a2a-1eb8-4a91-8876-32d02009cacb,,
498,TCGA-36-1569-01A-01-TS1.f47a78ac-7858-487d-9012-24c5c39db80d,,
499,TCGA-36-1570-01A-01-TS1.6fa53e8d-c4e9-4a35-8000-7c1706f46eb6,,
500,TCGA-36-1570-01A-01-BS1.b44d5ee7-7e05-4e8c-b2f3-03761aa43052,,
501,TCGA-36-1571-01A-01-BS1.456cf689-c3f2-47ad-8b8c-8990e20dc816,,
502,TCGA-36-1571-01A-01-TS1.481fbd5a-885c-415d-8462-550e3b4d54b6,,
503,TCGA-36-1574-01A-01-BS1.f108ae98-b589-4ddc-91f4-15ab328fc6ba,,
504,TCGA-36-1574-01A-01-TS1.0ebf58a0-dd01-40b2-9f37-5970f65cf9bb,,
505,TCGA-36-1576-01A-01-TS1.683327b5-b127-439f-9a47-6bf7f1d01203,,
506,TCGA-36-1576-01A-01-BS1.82732edc-569c-4b5c-80d5-31f530cd30aa,,
507,TCGA-36-1577-01A-01-TS1.ef2d27c9-2651-483e-916d-bd0f0f9b8cc9,,
508,TCGA-36-1577-01A-01-BS1.68b0e766-085f-40d9-a3ba-2163f81f8af5,,
509,TCGA-36-1580-01A-01-TS1.b317174e-d87f-4853-bb63-edcaa569f579,,
510,TCGA-36-1580-01A-01-BS1.2d7f0952-5f56-477d-9dde-9526e5a71b6e,,
511,TCGA-36-1581-01A-01-TS1.eb8eab2e-7062-48bb-bc87-44ca7b8a1cd9,,
512,TCGA-36-1581-01A-01-BS1.1673dba9-dd32-4927-9f51-3525f0d62786,,
513,TCGA-57-1583-01A-01-TS1.cef6fee1-8770-4bb4-938d-7f620a481a6a,,
514,TCGA-57-1583-01A-01-BS1.77fcc4ab-f8e0-4afd-b935-28aafb05feda,,
515,TCGA-57-1585-01A-01-BS1.dc0fc133-7b19-49c1-a568-3b1372306ae0,,
516,TCGA-57-1585-01A-01-TS1.7964fedc-0a0c-4908-95a8-a5a8be5d8023,,
517,TCGA-57-1586-01A-01-BS1.fea4c08b-05ba-4dde-943f-c01766ffac06,,
518,TCGA-57-1586-01A-02-BS2.e764dd3a-c4f4-4243-9ec1-8f62274fb5ab,,
519,TCGA-57-1993-01A-01-TS1.26748d79-df35-48ad-9c58-57203a229d85,,
520,TCGA-57-1993-01A-01-BS1.4aecaa34-5d56-489d-b5a5-a7646864c1c6,,
521,TCGA-59-2348-01A-01-BS1.2dd39e8f-db2f-4d2c-9799-c289a6d6d505,,
522,TCGA-59-2348-01A-01-TS1.3d166d77-0129-481e-b769-22faa586c38e,,
523,TCGA-59-2350-01A-01-TS1.57e502c7-e6b8-4ccc-9ff7-6719c58f48e0,,
524,TCGA-59-2350-01A-01-BS1.d023d22a-2e51-4f61-8cd6-b45d4cfdc006,,
525,TCGA-59-2351-01A-01-BS1.2bc77b82-f44c-4879-ae75-4d55872e6a9d,,
526,TCGA-59-2351-01A-01-TS1.966e6ef8-f18b-48d1-86e8-f9c626a4f7cc,,
527,TCGA-59-2354-01A-01-TS1.f9f56cfd-8248-451e-96e1-c803113982fd,,
528,TCGA-59-2354-01A-01-BS1.660ad7d8-618f-4b6e-ab96-a070c05adcd9,,
529,TCGA-59-2355-01A-01-BS1.d33e6280-0dad-46b2-bb0f-397d05a2f7da,,
530,TCGA-59-2355-01A-01-TS1.07a67953-f1fe-4440-9bc3-a51e2a4a8ab7,,
531,TCGA-59-2363-01A-01-BS1.ea7d9017-b715-46a3-aa0a-dca2748be4d4,,
532,TCGA-59-2363-01A-01-TS1.40e807a6-44b6-41a0-ae0e-0d202fd9cc1d,,
533,TCGA-5X-AA5U-01A-01-TSA.9D54B87F-491D-4482-A0DD-194417619D7A,,
534,TCGA-61-1721-01A-01-TS1.eacba516-57de-4a57-8c1a-28d301941281,,
535,TCGA-61-1721-01A-01-BS1.8a0e1590-8e6d-4c65-b44c-90096f254f6a,,
536,TCGA-61-1724-01A-01-BS1.dc9700ec-ce3c-4286-80bd-a353c376977b,,
537,TCGA-61-1724-01A-01-TS1.842b750e-e4ef-493a-aa87-8b270df9a629,,
538,TCGA-61-1728-01A-01-TS1.7436378c-e436-4aba-a1aa-89314dcdccce,,
539,TCGA-61-1728-01A-01-BS1.52c330f2-48ca-4158-a994-07cdbc130f80,,
540,TCGA-61-1733-01A-01-TS1.feaea5e2-8c15-4890-af4c-c81a7c86bff2,,
541,TCGA-61-1733-01A-01-BS1.29704093-9666-4b98-a73e-4451db841e32,,
542,TCGA-61-1736-01B-01-TS1.c1c6008e-be3b-453c-8182-6392ee9a02a3,,
543,TCGA-61-1736-01B-01-BS1.e4d5faf5-250e-4f99-bf5e-72d87d5ee298,,
544,TCGA-61-1737-01A-01-TS1.bea088b8-a989-4ea3-9f43-3ea4138a8c40,,
545,TCGA-61-1737-01A-01-BS1.495692fd-b4aa-44fd-8373-fd64d0a04e02,,
546,TCGA-61-1738-01A-01-BS1.941a44db-9fde-4bcb-9a7e-88c3a8afa74c,,
547,TCGA-61-1738-01A-01-TS1.cbef3d98-4444-4703-b76e-0474439cb502,,
548,TCGA-61-1741-01A-02-BS2.609dafe9-9590-45dd-b689-f49bee6a58ec,,
549,TCGA-61-1741-01A-01-BS1.816f2ee6-2268-4214-8cb3-36bc58a5a060,,
550,TCGA-61-1900-01A-01-TS1.cc98d24b-5f6f-4732-ba40-1592f7a5a538,,
551,TCGA-61-1900-01A-01-BS1.b39e97c1-2493-4131-a66b-67e95511ce4b,,
552,TCGA-61-1907-01A-01-TS1.b0464aeb-8877-43cb-82b3-e993183285a6,,
553,TCGA-61-1907-01A-01-BS1.525f99b8-8596-4e25-b42a-4832e9dcb408,,
554,TCGA-61-1910-01A-01-TS1.8c1da66c-6d4f-438e-8d73-2f04af158488,,
555,TCGA-61-1910-01A-01-BS1.e0a84385-0458-4590-9ff6-ebe9c92e2d08,,
556,TCGA-61-1911-01A-01-BS1.668ba554-cdf9-422c-8bdb-3faeccefa07c,,
557,TCGA-61-1911-01A-01-TS1.ea4d8814-16d0-4475-b259-f228f8803b76,,
558,TCGA-61-1914-01A-01-TS1.ac6aa78e-762f-4ded-ab0f-7c528cd199e5,,
559,TCGA-61-1914-01A-01-BS1.740aedb0-ca44-4218-8601-cc068d1cac21,,
560,TCGA-61-1918-01A-01-TS1.1f691318-7bee-4a1f-a5ef-09a24185d119,,
561,TCGA-61-1918-01A-01-BS1.2839dfd5-d116-494f-b31e-512aad6fc514,,
562,TCGA-61-1919-01A-01-BS1.6e069202-dc06-4418-bb6f-6f36113ce7b4,,
563,TCGA-61-1919-01A-01-TS1.a2bfef73-10d7-4593-9c5b-4b93eddd160b,,
564,TCGA-61-1995-01A-01-TS1.28ee27c5-9f6c-475f-8943-62896f6d3239,,
565,TCGA-61-1995-01A-01-BS1.e7dbda48-4123-45ac-aa6d-22b0d1567285,,
566,TCGA-61-1998-01A-01-BS1.16a1dc45-c69e-46ef-b90c-e3434676491d,,
567,TCGA-61-1998-01A-01-TS1.594237ab-2edf-49de-b4ab-b59f95a07052,,
568,TCGA-61-2000-01A-01-BS1.9bfc0d2d-aa54-4bb7-9f81-d47995a829da,,
569,TCGA-61-2000-01A-01-TS1.1ae6e2bd-7e0d-42e1-a0f3-c13499f536a6,,
570,TCGA-61-2002-01A-01-TS1.7f64b50a-e622-4523-ac97-24023925caf1,,
571,TCGA-61-2002-01A-01-BS1.0ac8e44a-e0cc-44e6-91b7-32686289b3da,,
572,TCGA-61-2008-01A-02-BS2.3e834d4a-0868-4f2e-bf72-03aa2c766449,,
573,TCGA-61-2008-01A-01-BS1.ebbf8459-bf7b-4836-a990-3b6d50fae361,,
574,TCGA-61-2009-01A-01-TS1.098afc71-5dba-4fcd-8059-9d4d806db2b3,,
575,TCGA-61-2009-01A-01-BS1.39107a07-daa5-4194-aedc-269f33d3dd2e,,
576,TCGA-61-2012-01A-01-BS1.0360d47c-f42a-4f5f-b317-ff0f55799425,,
577,TCGA-61-2012-01A-01-TS1.d68a617d-bd93-4048-895f-46279334d114,,
578,TCGA-61-2088-01A-01-BS1.3e099147-d41d-42a2-b979-5847180209b4,,
579,TCGA-61-2088-01A-01-TS1.aed842d4-ca7b-483e-85f5-2843f4dc7005,,
580,TCGA-61-2097-01A-02-BS2.eb2c3b3f-e0a2-4012-807f-1b49a2493ab8,,
581,TCGA-61-2097-01A-01-BS1.0715c892-db1c-44ca-a67b-b73cdbf993b8,,
582,TCGA-61-2098-01A-01-TS1.a353a944-d562-4992-bea2-6c23d01c685a,,
583,TCGA-61-2098-01A-01-BS1.7640aaad-f469-464d-a0cd-efee54d913b9,,
584,TCGA-61-2101-01A-01-BS1.ea43cb3b-f8d4-4869-bf64-ce0af7638a57,,
585,TCGA-61-2101-01A-01-TS1.d5aab1ba-183b-4f16-8f4c-5902e34d5ea3,,
586,TCGA-61-2104-01A-01-BS1.7b3ca402-80d0-4b8c-9bf0-5350be286ef8,,
587,TCGA-61-2104-01A-01-TS1.fed6e808-15d3-4922-ab69-e3650d4243d1,,
588,TCGA-61-2109-01A-01-TS1.031075e9-b603-438c-89cb-a22f24f0da61,,
589,TCGA-61-2109-01A-01-BS1.3b0f024a-5fd6-430c-8197-649c17917ebf,,
590,TCGA-61-2111-01A-01-TS1.f5cf5d70-ae84-4039-a9b7-bc4af6d21516,,
591,TCGA-61-2111-01A-01-BS1.1dbf80e0-c681-41e6-a309-a61787c3ffa2,,
592,TCGA-61-2113-01A-01-BS1.25ef0623-cbe2-44b4-a956-5934342adc0d,,
593,TCGA-61-2113-01A-01-TS1.91aa5d6b-d95f-4465-b1a5-d7697dab7d29,,
594,TCGA-OY-A56Q-01A-01-TS1.B98349C7-E9B1-4CAB-917B-988A413D8371,,
595,TCGA-WR-A838-01A-01-TS1.E8CA96CD-A253-4090-86BA-60E7192B72FD,,
